{
  "id": "g24-import",
  "title": "g24-import",
  "version": "1.0.0",
  "compatibility": {
    "minimum": "11",
    "verified": "11"
  },
  "packs": [
    {
      "name": "wbtwl",
      "label": "Wbtwl",
      "path": "packs/wbtwl",
      "type": "Adventure",
      "ownership": {
        "PLAYER": "OBSERVER",
        "ASSISTANT": "OWNER"
      },
      "system": "dnd5e",
      "flags": {}
    },
    {
      "name": "ootdl",
      "label": "OotdL",
      "path": "packs/ootdl",
      "type": "Adventure",
      "ownership": {
        "PLAYER": "OBSERVER",
        "ASSISTANT": "OWNER"
      },
      "system": "dnd5e",
      "flags": {}
    }
  ],
  "url": "https://www.patreon.com/user?u=56147101",
  "manifest": "https://github.com/shama262/g24-import/releases/download/g242.0.0/module.json",
  "download": "https://github.com/shama262/g24-import/releases/download/g241.0.0/g24-import.zip"

}